{
	"pid": 23992,
	"date": "2023-09-04T07:17:16.310Z",
	"port": "8080",
	"ip": "localhost",
	"stats": [
		{
			"id": null,
			"version": {
				"node": "v20.5.0",
				"total": "4",
				"build": 4088,
				"app": "1.0.0"
			},
			"pid": 23992,
			"thread": "",
			"mode": "debug",
			"overload": 0,
			"date": "2023-09-04T07:17:16.310Z",
			"memory": 8.52,
			"rm": 0,
			"fm": 0,
			"wm": 0,
			"em": 0,
			"mm": 0,
			"om": 0,
			"dm": 0,
			"um": 0,
			"pm": 0,
			"sm": 0,
			"cm": 0,
			"dbrm": 0,
			"dbwm": 0,
			"usage": 0,
			"requests": 0,
			"pending": 0,
			"external": 0,
			"errors": 0,
			"timeouts": 0,
			"online": 0,
			"uptime": 1,
			"download": 0,
			"upload": 0,
			"status": []
		}
	]
}