{
	"pid": 27276,
	"date": "2023-09-01T10:32:14.337Z",
	"port": "8080",
	"ip": "localhost",
	"stats": [
		{
			"id": null,
			"version": {
				"node": "v20.5.0",
				"total": "4",
				"build": 4088,
				"app": "1.0.0"
			},
			"pid": 27276,
			"thread": "",
			"mode": "debug",
			"overload": 2,
			"date": "2023-09-01T16:29:47.353Z",
			"memory": 8.65,
			"rm": 0,
			"fm": 0,
			"wm": 0,
			"em": 0,
			"mm": 0,
			"om": 0,
			"dm": 0,
			"um": 0,
			"pm": 0,
			"sm": 0,
			"cm": 0,
			"dbrm": 0,
			"dbwm": 0,
			"usage": 2,
			"requests": 8,
			"pending": 0,
			"external": 0,
			"errors": 0,
			"timeouts": 0,
			"online": 0,
			"uptime": 171,
			"download": 0,
			"upload": 0,
			"status": []
		}
	]
}